{"K0": [184.24891466773022, -7.586842668983342, -7.448044725047765, -2.227398442580934, 1.8760867079209438, -2.8490954059092934, 0.21489665651829315, 12.64182177705678, -0.18995494884719202, -9.21888311250491, 13.016073926318482, -15.313583370550425, -0.8605448227373281, 5.6468667572201765, -8.332862498158663, 7.021460604008181e-05, 3.5467448263368095, 3.9800839892930506, -33.45360927416397, -72.72176804134777, -38.94625621834419, 8.781053669748573e-06, -0.026892037934746593, -1.860068903980494e-05, -0.0018328570502512687, 0.002608617510140722, -2.3978868860552094, 0.027015807845165378, 1.4699830392185202, -2.077924913047804, 5.1290788505298224e-08, 0.002585275283326638, 0.0028218070924510633, -0.0243296378082416, -0.05214708774124688, -0.027528560155307247, -7.373064182014923, 0.6015141348616968, 11.71731913861897, -16.402140680031014, -1.4970616941667458e-05, -0.7592520967614078, -0.8478638547599902, 7.138692626215159, 15.481046274173325, 8.270599172920114, -2.630384798862906e-11, -3.2613310514406635e-06, -3.255394052104066e-06, 0.002136632242034864, 0.004599191808814851, 0.002507906293551798, -0.0033998993329755894, -0.011194835989765853, -0.012193074044323834, -0.004405516956783775], "K1": [-181.3828507692714, 7.454341286193727, 7.295676995499849, 2.2043722965959143, -1.8912724801318561, 2.81758384105261, -0.209299126332389, -12.41451424488288, 0.1941170947065139, 9.168861302814998, -12.983163961788577, 15.01116151400995, 0.9031790482908133, -5.671336403459098, 8.260571178241523, -5.6149993577013e-05, -3.3052792584491284, -3.6621683998978023, 16.767607329867523, 35.10982189849635, 20.444664522546752, -8.493322143809934e-06, 0.026169351874896662, 1.902050998142668e-05, 0.0018103340678621294, -0.0026098341661376576, 2.3500270657958953, -0.02761072613626053, -1.46088673136372, 2.073382284381301, -3.962301242665944e-08, -0.0023484794057835323, -0.0025506795709456104, 0.01206440560787636, 0.024923007578660616, 0.014409753916373447, 7.3042523368205465, -0.6165565992320978, -11.690993678099565, 16.335018518681522, 1.2717066031342483e-05, 0.7068277361468738, 0.7800328425014251, -3.5612818678787823, -7.4474141716361055, -4.335977877617944, 1.6660677282231973e-08, -8.398443634050068e-05, -0.00016832126130839065, -0.0018866619433666187, -0.0028183802489323284, -0.0009751911371012056, -0.000594929432452887, -0.0014690556115110193, -0.0013964580699463158, -0.000520834625835187], "K2": [-7587.835342254193, -3.732659559450348, -39.30744260746099, -19.461236377881566, 1.74127935335357, -27.787651488401217, 9.331957750781982, 162.6316408229975, -2.6382501298189003, -10.567805957758264, 128.23324480158539, -69.01789529469329, -15.162127479650087, 5.544438788743132, -81.82305443453984, 0.000614936869475044, -0.08180392567209177, -11.792475627951347, 1.862930071166483, -5.96710635615714, -58.50410429163482, 0.0006185099310442865, -1.2536125414739203, -0.00026699680185693353, -0.002494297546178359, 0.02513553266700297, -50.01369625338111, 0.3767190232150206, 1.7325184719577305, -20.403153908256503, 4.817130161427485e-07, -0.00047657343104390293, -0.008751966683878343, -0.033736230310935866, -0.09310654651717698, -0.08359277092404227, 42.99161351825522, 8.509181689366315, 12.490575439437805, -163.27990352934032, -0.00013315549843184726, 0.04279323354645048, 2.5266055262408145, 2.987692922638173, 9.062282710790512, 16.081805796075933, -2.7976398087048437e-08, 7.323358913069455e-05, 0.00020880009302715052, -0.29724171643506736, -0.60870829134657, -0.28529338052681297, 0.29285178482329166, 0.8550863695231049, 0.8354673227506821, 0.2733238405462369], "KB": [-3.8543117592777354, -1.6316814712966299, -0.4177821257541148, 0.7281265739345784, 1.362581688060373, 1.2028942461089607, 0.14218921091895195, 6.212731479258715, -0.00987908790133773, 3.153536442861407, 3.8989654638468907, -1.1906653093373025, -0.2905043658040033, 1.990953483324433, 1.4745598689233756, -0.0035291118842480673, 1.0038437107687246, 0.9533279008758608, 1257.8361626256562, 2988.589172591726, 1670.1335795359967, 7.068671505731927e-06, -0.01822777120805419, -1.5642060503251454e-06, 0.0009948842638043964, 0.001022442191927743, -1.3149301770045787, 0.0015044927210931328, -0.5387469529635021, -0.6451535922897462, -2.5734534605525994e-06, 0.0007355126967107939, 0.0007791637321771239, 0.8971663577518143, 2.146034955124378, 1.2137282094840884, -4.810315604903153, 0.04474647051844727, -3.848253717767058, -5.078818404658307, 0.0007537982981773439, -0.20822131303367541, -0.19946297061113683, -268.22011603483304, -638.3042234812077, -357.68424412824777, 6.637908711581986e-08, -5.7678707499064785e-05, -3.4199296386816513e-05, 0.1881324576006591, 0.557331113422606, 0.4130264851521588, 5.358765572726771, 24.339823990883925, 36.901887725458366, 18.668775931293315], "KW": [8.862486792841187, 0.5497230936613019, 0.5620682277707101, 0.29665950363347937, -0.7792254923941841, 0.46153347811889045, -0.034945561757723544, -1.0821341910359716, 0.00028545759485699805, 4.0556557904751855, -0.8277637217439624, 1.0589703040489487, -0.04400292024142468, -2.6391240830850666, 1.0856374087609684, -0.0018383058751207913, -1.8359559539639079, -1.701839610538183, 103.60081006607581, 45.17473028934548, 19.414129732464847, -2.1123933339334267e-06, 0.004612560413743706, -3.028132699268646e-07, 0.00036819957485900723, -0.00010623589273300177, 0.24929977016171767, 3.9087475345540856e-05, -0.5898005847433461, 0.12577970601071348, -1.2537320948080577e-06, -0.0018142117262254231, -0.0009631439548813958, 0.031417797811045034, -0.012687724992557159, 0.010892924654925196, 0.2266923929105824, -0.005499930008616261, -6.714897637298215, 1.1147212673197027, 0.0003981466129356903, 0.4456371135586412, 0.34624352247578116, -18.97429501247318, -6.426566068445998, -4.349197097632075, -1.3884915617268234e-07, -0.0007092598831510699, -0.000370351477903319, -0.28604670429774615, -0.27982956374837187, 0.0801409097555279, 1.1605030347793504, 2.1507682967031014, 1.1583000750691061, -0.42379378277849306], "KspC": [-7544.27966831814, -5.8633356150883, -41.28277607100623, -19.839204506358232, 1.7713203374632807, -27.895794199245458, 9.397157100608204, 166.18308636508448, -2.6473342077214888, -10.199638391270598, 129.25960186779912, -73.00973427949218, -15.080842143043355, 5.521684097820566, -82.26401165501137, 0.0005948740041620132, 0.018786364741687142, -11.282756476500346, -10.35655674034462, 31.571513584143027, 21.916640142214334, 0.0006213944892579093, -1.2618461518472053, -0.00026802886326393605, -0.002428826663916084, 0.025318898456943795, -50.69925239908022, 0.3780449661957965, 1.6736841357391918, -20.565266324068908, 4.336629899626132e-07, -0.00027291126494688456, -0.00833654422919583, -0.0024435410748395725, 0.01809032084963036, 0.01571440533732016, 41.00645243020318, 8.523372629139502, 12.007141218848822, -164.64445865947658, -0.00012446821851597178, 0.016883443324531067, 2.4174171829394524, 1.74851065580045, -6.824513629391649, -4.835308871863154, -1.1506529062899062e-10, -0.00023870786065316452, -0.00019607435205237778, 0.04019954574368256, 0.07176264628781581, 0.03505117774933275, 0.1546648088253448, 0.4473623253359896, 0.4369717245632163, 0.14332609007221703],