{"K0": [-252.96086720836598, 8.436504061209467, 8.033785771587377, 0.5729884065748324, 2.0006263399796427, -2.7258849940665875, -0.17781471785461678, -13.06788619479445, -0.21327359964941411, -9.185066638688937, 13.055527233015466, 16.60245388880422, -2.295813001107436, 5.865722430758823, -8.117753735247845, 2.3065875680787495e-05, 3.547485361835762, 3.9746743910833127, -33.12927908731641, -72.70550812407532, -38.59893607328823, -5.6793975997671e-06, 0.02167093966550032, -1.988697940835671e-05, -0.0018285483255877644, 0.002614103984659239, 2.350418009548498, 0.030048999892499897, 1.4650437721944511, -2.083771262811583, 1.6953503489958166e-08, 0.0025866036943207327, 0.0028190110493352127, -0.024089183244864643, -0.05213832785807426, -0.027282166162351018, 8.569270739364299, 0.8261232358457118, 11.61121129072838, -16.515077460340898, -4.9149759284716765e-06, -0.7594717160457121, -0.8467878598180594, 7.069390022000768, 15.477786713091158, 8.196617276955624, -3.207833998430942e-11, -1.579743496016306e-06, -1.5737097180945625e-06, 0.0021303064819804263, 0.004591330817937944, 0.002500449480237421, -0.003538751016753893, -0.011366071630982244, -0.01236223718819536, -0.0045410755418739054], "K1": [252.73217050529487, -8.469881020787012, -8.07937804147186, -0.5707910391018449, -1.9945716312488362, 2.715550952875648, 0.18150024930009415, 13.152750487668936, 0.21724955707590488, 9.142066816488787, -13.015447017495092, -16.686397910581366, 2.3265988161728033, -5.8521192598855025, 8.083386505986036, -3.3653904918325844e-05, -3.3058738506930867, -3.6567606457643844, 16.53163025632153, 35.287443356842395, 20.171009559871393, 5.907291472428966e-06, -0.022160885976777123, 2.029163140770951e-05, 0.0018072101388781903, -0.002614097257508991, -2.37285773223971, -0.030618747023149206, -1.4570115100005938, 2.0781400099589087, -2.3225650735980707e-08, -0.0023492297176992416, -0.0025474105745209863, 0.0118898652881958, 0.025051795454107406, 0.014211566072557247, -8.554540063584962, -0.8394286730921454, -11.604251193395303, 16.428438348758263, 7.918749009405701e-06, 0.7069813639550622, 0.7789223647293699, -3.5108033804651337, -7.485312806712001, -4.277497072350609, 1.6669964963966777e-08, -8.480896334539523e-05, -0.0001691496590074948, -0.0018876336038502473, -0.0028217896022617595, -0.0009740355232494835, -0.0004545486037862839, -0.001287851510760149, -0.0012155673586637383, -0.0003818543415671921], "K2": [-11006.802159125531, 167.96065652656532, 132.5973499117494, 18.86078394823387, 2.5257547396471525, -21.660329408790503, 3.448930471598633, -139.64495108428156, -1.1287173241548945, -9.494037675101877, 103.73286724076479, 283.2544011376854, -18.405644882249582, 6.719470737605295, -64.86102949880504, 0.0020091093257207163, -1.0861611157382605, -6.217563539636679, 25.314575405849865, 37.024308893716245, -24.373898084320164, 0.00034662480439351384, -0.5067333866125932, -0.00010439196019973451, -0.0022557657820811983, 0.01998691250001039, 9.406496766134566, 0.15845304460437176, 1.561646506054876, -16.463178815417642, 1.5581278631771056e-06, -0.0017978033767995782, -0.005729013769686264, -0.006390266931035171, -0.03703165395668151, -0.04709608016287348, 205.62323495555844, 5.010609501338138, 10.803715265153372, -133.34654071281082, -0.0004509262400915759, 0.24952337145472825, 1.3385105671791324, -3.0855850637915503, -2.493485355455057, 7.6640866179576665, -9.717591353819444e-08, 0.0016376097122923206, 0.002342957745504748, -0.19672822485996022, -0.4024985569365622, -0.18516527201077082, 0.27898297464277527, 0.8180265657317065, 0.7996016177383489, 0.26066125022908976], "KB": [-12.711757137531057, 0.17415893770507324, 0.12926473428876345, 0.26906606833757224, -0.7672565958561363, -0.9239996586955656, 0.06111486867502355, 2.2976105844027117, -0.0031329441569687647, 2.5685611190121933, 3.316129846573861, -0.07956125662187008, -0.09978621084313932, -1.8569299495509994, -2.3683643047875638, -0.0015667677208069128, 1.0017130913591337, 0.9513712728753859, 1257.846527215262, 2989.3103516403403, 1670.9344637511824, 3.1824422873638625e-06, -0.007887908452564263, -5.792394030257331e-07, 0.0009032741437410285, 0.000931103792799981, -0.5251502753651351, 0.000490583527692233, -0.4514264190560728, -0.558155218291317, -1.144898321148169e-06, 0.0006954044191980202, 0.0007391885205735582, 0.8970458846608835, 2.146596790995318, 1.2144583450257187, -2.0474324811498796, 0.01380635622243176, -2.0554938124955697, -3.29070108648731, 0.0003353258732943232, -0.20492183984015355, -0.1962014392638025, -268.2234326032631, -638.4611276615422, -357.8574407505486, 6.546798658746411e-08, -0.00012678646557517936, -0.00010328322318109429, 0.18826061548543294, 0.557435798338247, 0.4132167800773914, 5.363765729739602, 24.35928119649624, 36.926957152935145, 18.67944150261781], "KW": [50.638298058122416, -0.9314605073110906, -0.8151240474194011, -0.06590726604073345, -0.7797808949767114, 0.13775706829865703, -0.0036841978428989474, 1.1177685771061963, 0.004840495206770689, 2.568522338463102, -0.8645259337290345, -1.743343313016667, 0.11572404512528435, -2.2809471477567187, 0.483927058818127, -0.0010079726904810348, -1.613345700490953, -1.5049515768696198, 101.94123452640136, 50.62578761037264, 16.68598818715064, -1.0321949142078068e-06, 0.000773889653012165, 2.776006379767715e-07, 8.770688198733723e-05, -0.00011638023608763134, -0.1482577804146784, -0.00062183607367015, -0.3544667325499464, 0.13172564338368528, -9.132906240438832e-07, -0.0019939565046085406, -0.0009055168063050179, 0.03790021889486894, -0.0013375402227167044, 0.010017424302461109, -1.1467272917491966, -0.030982268584319073, -4.594469457579588, 1.2810721569340182, 0.00022561634226470062, 0.39189156675087844, 0.31111675210841483, -19.29617943077014, -8.200200003023962, -3.9134484653691226, -7.807335045129093e-08, 0.00019197219282052203, -0.0007770593755637156, -0.22235706597643556, -0.2264369002524802, 0.0980242644265985, 1.0089241332225705, 1.8641816420606216, 1.0517207666205393, -0.49336489975339365], "KspC": [-11010.948341963764, 167.81945035070277, 132.44364225435007, 18.782635189051188, 2.4544057712889886, -21.858527298291616, 3.4623030687358116, -139.27499258823656, -1.1398502524890013, -9.259876687934039, 104.5724490320021, 282.96495659800314, -18.474588832620185, 6.534104910537225, -65.42934832444155, 0.002000162603003647, -0.9270392735291868, -5.685515750698023, 1.0767693342153812, 38.551965055557986, 25.953855060483715, 0.0003474576779041172, -0.5085064851991419, -0.00010552150136433625, -0.002216124323425106, 0.02013793777775108, 9.31660106859525, 0.16004010805220525, 1.5241052569581561, -16.59601737412772, 1.5085479532217505e-06, -0.0015546533534731566, -0.005294605135937103, 0.00696552845377596, 0.028217037957574576, 0.020499995379282154, 205.54432766029515, 5.047354392378608, 10.53051088886049, -134.42244116169323, -0.00044562142437598595, 0.21281008548984914, 1.2258794053178317, -0.8554986091688317, -8.777345692899424, -5.886962381142778, -1.6128041124829906e-08, 0.0013462845203759954, 0.001969751859007829, 0.060850269677800384, 0.11052866248786586, 0.053298611471163326, 0.21286334163804202, 0.6168792103631742, 0.5976422555436491, 0.19291310309743567],