{
  "Theta_positive": [
    [
      0.0,
      0.03416,
      0.005,
      0.062,
      0.0612,
      0.0591
    ],
    [
      0.03416,
      0.0,
      -0.0502312111,
      0.07,
      0.05,
      0.07
    ],
    [
      0.005,
      -0.0502312111,
      0.0,
      0.0,
      0.1156,
      0.01
    ],
    [
      0.062,
      0.07,
      0.0,
      0.0,
      0.007,
      0.0
    ],
    [
      0.0612,
      0.05,
      0.1156,
      0.007,
      0.0,
      0.0
    ],
    [
      0.0591,
      0.07,
      0.01,
      0.0,
      0.0,
      0.0
    ]
  ],
  "Theta_negative": [
    [
      0.0,
      -0.05,
      0.0,
      0.1,
      0.0,
      0.0,
      -0.013
    ],
    [
      -0.05,
      0.0,
      -0.0323,
      0.0359,
      -0.006,
      -0.092,
      0.07
    ],
    [
      0.0,
      -0.0323,
      0.0,
      0.0,
      0.0,
      0.0,
      -0.012
    ],
    [
      0.1,
      0.0359,
      0.0,
      0.0,
      0.0,
      0.0,
      0.01
    ],
    [
      0.0,
      -0.006,
      0.0,
      0.0,
      0.0,
      0.0,
      0.0
    ],
    [
      0.0,
      -0.092,
      0.0,
      0.0,
      0.0,
      0.0,
      0.02
    ],
    [
      -0.013,
      0.07,
      -0.012,
      0.01,
      0.0,
      0.02,
      0.0
    ]
  ]
}